{"MainChannelConfig":{"100000":{"ChannelID":"100000","ChannelName":"AndroidDefault","ShowService":"false","SplashBG":"false","Platform":"custom","LuaFilePath":"plugin.customPlugin"},"200000":{"ChannelID":"200000","ChannelName":"IOSDefault","ShowService":"false","SplashBG":"false","Platform":"custom","LuaFilePath":"plugin.customPlugin"},"400000":{"ChannelID":"400000","ChannelName":"Default","ShowService":"false","SplashBG":"false","Platform":"custom","LuaFilePath":"plugin.customPlugin"}},"MainFirstRechargeConfig":{"1":{"Index":"1","GameID":"1","GameName":"捕鱼","Path":"NewImages/roomImage/icon_dating_buyu_jinshanbuyu.png","ShowIndex":"2"},"2":{"Index":"2","GameID":"4","GameName":"百人牛牛","Path":"NewImages/roomImage/icon_dating_bairenniuniu.png","ShowIndex":"3"},"3":{"Index":"3","GameID":"16","GameName":"斗地主","Path":"NewImages/roomImage/icon_dating_doudizhu.png","ShowIndex":"1"},"4":{"Index":"4","GameID":"10","GameName":"黑红梅方","Path":"NewImages/roomImage/icon_dating_heihongmeifang.png","ShowIndex":"5"},"5":{"Index":"5","GameID":"12","GameName":"金鲨银鲨","Path":"NewImages/roomImage/icon_dating_jinshayinsha.png","ShowIndex":"8"},"6":{"Index":"6","GameID":"3","GameName":"欢乐骰子","Path":"NewImages/roomImage/icon_dating_huanleshaizi.png","ShowIndex":"9"},"7":{"Index":"7","GameID":"5","GameName":"百家乐","Path":"NewImages/roomImage/icon_dating_baijiale.png","ShowIndex":"10"},"8":{"Index":"8","GameID":"19","GameName":"红黑大战","Path":"NewImages/roomImage/icon_dating_hongheidazhan.png","ShowIndex":"11"},"9":{"Index":"9","GameID":"20","GameName":"水果机","Path":"NewImages/roomImage/pic_dating_errenmajiang.png","ShowIndex":"12"},"10":{"Index":"10","GameID":"21","GameName":"二人麻将","Path":"NewImages/roomImage/errenmajiang.png","ShowIndex":"13"}},"MainRechangeConfig":{"1":{"ID":1,"Name":"648元","Rate":15,"NameIcon":"Common2/M_ShopName1.png","Icon":"Common2/M_ShopIcon_7.png","PayType":1,"Type":1,"Price":648,"Gold":64800,"FirstGold":0,"GiveGold":0,"GiveTicket":0,"VIPExp":328,"Index":1,"ShopType":1,"Flag":"false","AppStoreID":"com_fish_win_appstore_1","AppStoreID2":"happyfish_appstore_pay_1"},"2":{"ID":2,"Name":"328元","Rate":10,"NameIcon":"Common2/M_ShopName1.png","Icon":"Common2/M_ShopIcon_6.png","PayType":1,"Type":1,"Price":328,"Gold":32800,"FirstGold":0,"GiveGold":0,"GiveTicket":0,"VIPExp":198,"Index":2,"ShopType":1,"Flag":"false","AppStoreID":"com_fish_win_appstore_2","AppStoreID2":"happyfish_appstore_pay_2"},"3":{"ID":3,"Name":"198元","Rate":5,"NameIcon":"Common2/M_ShopName1.png","Icon":"Common2/M_ShopIcon_5.png","PayType":1,"Type":1,"Price":198,"Gold":19800,"FirstGold":0,"GiveGold":0,"GiveTicket":0,"VIPExp":98,"Index":3,"ShopType":1,"Flag":"false","AppStoreID":"com_fish_win_appstore_3","AppStoreID2":"happyfish_appstore_pay_3"},"4":{"ID":4,"Name":"98元","Rate":10,"NameIcon":"Common2/M_ShopName1.png","Icon":"Common2/M_ShopIcon_4.png","PayType":1,"Type":1,"Price":98,"Gold":9800,"FirstGold":0,"GiveGold":0,"GiveTicket":0,"VIPExp":50,"Index":4,"ShopType":1,"Flag":"false","AppStoreID":"com_fish_win_appstore_4","AppStoreID2":"happyfish_appstore_pay_4"},"5":{"ID":5,"Name":"30元","Rate":15,"NameIcon":"Common2/M_ShopName1.png","Icon":"Common2/M_ShopIcon_3.png","PayType":1,"Type":1,"Price":30,"Gold":3000,"FirstGold":0,"GiveGold":0,"GiveTicket":0,"VIPExp":30,"Index":5,"ShopType":1,"Flag":"false","AppStoreID":"com_fish_win_appstore_5","AppStoreID2":"happyfish_appstore_pay_5"},"6":{"ID":6,"Name":"6元","Rate":25,"NameIcon":"Common2/M_ShopName1.png","Icon":"Common2/M_ShopIcon_2.png","PayType":1,"Type":1,"Price":6,"Gold":600,"FirstGold":0,"GiveGold":0,"GiveTicket":0,"VIPExp":12,"Index":6,"ShopType":1,"Flag":"false","AppStoreID":"com_fish_win_appstore_6","AppStoreID2":"happyfish_appstore_pay_6"},"7":{"ID":7,"Name":"10元","Rate":20,"NameIcon":"Common2/M_ShopName1.png","Icon":"Common2/M_ShopIcon_1.png","PayType":1,"Type":1,"Price":6,"Gold":600,"FirstGold":0,"GiveGold":0,"GiveTicket":0,"VIPExp":6,"Index":7,"ShopType":1,"Flag":"false","AppStoreID":"com_fish_win_appstore_7","AppStoreID2":"happyfish_appstore_pay_7"},"8":{"ID":8,"Name":"328元","NameIcon":"Common2/M_ShopName1.png","Icon":"Common2/M_ShopIcon_7.png","PayType":2,"Type":99,"Price":328,"Gold":3000,"FirstGold":0,"GiveGold":0,"GiveTicket":0,"VIPExp":328,"Index":8,"ShopType":1,"Flag":"false"},"9":{"ID":9,"Name":"198元","NameIcon":"Common2/M_ShopName1.png","Icon":"Common2/M_ShopIcon_6.png","PayType":2,"Type":99,"Price":198,"Gold":1200,"FirstGold":0,"GiveGold":0,"GiveTicket":0,"VIPExp":198,"Index":9,"ShopType":1,"Flag":"true"},"10":{"ID":10,"Name":"98元","NameIcon":"Common2/M_ShopName1.png","Icon":"Common2/M_ShopIcon_5.png","PayType":2,"Type":99,"Price":98,"Gold":600,"FirstGold":0,"GiveGold":0,"GiveTicket":0,"VIPExp":98,"Index":10,"ShopType":1,"Flag":"false"},"11":{"ID":11,"Name":"50元","NameIcon":"Common2/M_ShopName1.png","Icon":"Common2/M_ShopIcon_4.png","PayType":2,"Type":99,"Price":50,"Gold":100,"FirstGold":0,"GiveGold":0,"GiveTicket":0,"VIPExp":50,"Index":11,"ShopType":1,"Flag":"false"},"12":{"ID":12,"Name":"30元","NameIcon":"Common2/M_ShopName1.png","Icon":"Common2/M_ShopIcon_3.png","PayType":2,"Type":99,"Price":30,"Gold":3000,"FirstGold":0,"GiveGold":0,"GiveTicket":0,"VIPExp":30,"Index":12,"ShopType":1,"Flag":"false"},"13":{"ID":13,"Name":"12元","NameIcon":"Common2/M_ShopName1.png","Icon":"Common2/M_ShopIcon_2.png","PayType":2,"Type":99,"Price":12,"Gold":1200,"FirstGold":0,"GiveGold":0,"GiveTicket":0,"VIPExp":12,"Index":13,"ShopType":1,"Flag":"true"},"14":{"ID":14,"Name":"6元","NameIcon":"Common2/M_ShopName1.png","Icon":"Common2/M_ShopIcon_1.png","PayType":2,"Type":99,"Price":6,"Gold":600,"FirstGold":0,"GiveGold":0,"GiveTicket":0,"VIPExp":6,"Index":14,"ShopType":1,"Flag":"false"},"15":{"ID":15,"Name":"1元","NameIcon":"Common2/M_ShopName1.png","Icon":"Common2/M_ShopIcon_1.png","PayType":1,"Type":99,"Price":1,"Gold":100,"FirstGold":0,"GiveGold":0,"GiveTicket":0,"VIPExp":1,"Index":15,"ShopType":1,"Flag":"false"},"16":{"ID":16,"Name":"2999元","Rate":15,"NameIcon":"Common2/M_ShopName1.png","Icon":"Common2/M_ShopIcon_7.png","PayType":1,"Type":1,"Price":328,"Gold":32800,"FirstGold":0,"GiveGold":0,"GiveTicket":0,"VIPExp":328,"Index":1,"ShopType":1,"Flag":"false","AppStoreID":"com_fish_win_appstore_1","AppStoreID2":"happyfish_appstore_pay_1"},"17":{"ID":17,"Name":"999元","Rate":10,"NameIcon":"Common2/M_ShopName1.png","Icon":"Common2/M_ShopIcon_6.png","PayType":1,"Type":1,"Price":198,"Gold":19800,"FirstGold":0,"GiveGold":0,"GiveTicket":0,"VIPExp":198,"Index":2,"ShopType":1,"Flag":"false","AppStoreID":"com_fish_win_appstore_2","AppStoreID2":"happyfish_appstore_pay_2"},"18":{"ID":18,"Name":"499元","Rate":5,"NameIcon":"Common2/M_ShopName1.png","Icon":"Common2/M_ShopIcon_5.png","PayType":1,"Type":1,"Price":98,"Gold":9800,"FirstGold":0,"GiveGold":0,"GiveTicket":0,"VIPExp":98,"Index":3,"ShopType":1,"Flag":"false","AppStoreID":"com_fish_win_appstore_3","AppStoreID2":"happyfish_appstore_pay_3"},"19":{"ID":19,"Name":"100元","Rate":10,"NameIcon":"Common2/M_ShopName1.png","Icon":"Common2/M_ShopIcon_4.png","PayType":1,"Type":1,"Price":50,"Gold":5000,"FirstGold":0,"GiveGold":0,"GiveTicket":0,"VIPExp":50,"Index":4,"ShopType":1,"Flag":"false","AppStoreID":"com_fish_win_appstore_4","AppStoreID2":"happyfish_appstore_pay_4"},"20":{"ID":20,"Name":"99元","Rate":15,"NameIcon":"Common2/M_ShopName1.png","Icon":"Common2/M_ShopIcon_3.png","PayType":1,"Type":1,"Price":30,"Gold":3000,"FirstGold":0,"GiveGold":0,"GiveTicket":0,"VIPExp":30,"Index":5,"ShopType":1,"Flag":"false","AppStoreID":"com_fish_win_appstore_5","AppStoreID2":"happyfish_appstore_pay_5"},"21":{"ID":21,"Name":"49元","Rate":25,"NameIcon":"Common2/M_ShopName1.png","Icon":"Common2/M_ShopIcon_2.png","PayType":1,"Type":1,"Price":12,"Gold":1200,"FirstGold":0,"GiveGold":0,"GiveTicket":0,"VIPExp":12,"Index":6,"ShopType":1,"Flag":"false","AppStoreID":"com_fish_win_appstore_6","AppStoreID2":"happyfish_appstore_pay_6"},"22":{"ID":22,"Name":"10元","Rate":20,"NameIcon":"Common2/M_ShopName1.png","Icon":"Common2/M_ShopIcon_1.png","PayType":1,"Type":1,"Price":6,"Gold":600,"FirstGold":0,"GiveGold":0,"GiveTicket":0,"VIPExp":6,"Index":7,"ShopType":1,"Flag":"false","AppStoreID":"com_fish_win_appstore_7","AppStoreID2":"happyfish_appstore_pay_7"}},"MainVIPProfitConfig":{"0":{"VipLv":"0","VipExp":"30","OnlineReward":"0","MaxGiftslimit":"0","VipName":"0","GiveTicket":"0","DailyLottery":"1"},"1":{"VipLv":"1","VipExp":"99","OnlineReward":"0","MaxGiftslimit":"99999999900","VipName":"1","GiveTicket":"0","DailyLottery":"2"},"2":{"VipLv":"2","VipExp":"199","OnlineReward":"0","MaxGiftslimit":"99999999900","VipName":"2","GiveTicket":"0","DailyLottery":"2"},"3":{"VipLv":"3","VipExp":"499","OnlineReward":"0","MaxGiftslimit":"99999999900","VipName":"3","GiveTicket":"0","DailyLottery":"2"},"4":{"VipLv":"4","VipExp":"999","OnlineReward":"0","MaxGiftslimit":"99999999900","VipName":"4","GiveTicket":"0","DailyLottery":"3"},"5":{"VipLv":"5","VipExp":"2999","OnlineReward":"0","MaxGiftslimit":"99999999900","VipName":"5","GiveTicket":"0","DailyLottery":"3"},"6":{"VipLv":"6","VipExp":"0","OnlineReward":"0","MaxGiftslimit":"99999999900","VipName":"6","GiveTicket":"0","DailyLottery":"3"},"99":{"VipLv":"99","VipExp":"0","OnlineReward":"0","MaxGiftslimit":"0","VipName":"0","GiveTicket":"0","DailyLottery":"1"}}}