{"rechargeLang":{"1":"1、一个支付宝账号对应一个游戏账号。\n2、成功兑换前，可修改绑定信息，10分钟一次；成功兑换后，将无法修改绑定信息，如有疑问，请联系客服；\n3、每次兑换收取兑换金额{0}%的手续费。","2":"修改将清除原有绑定信息，确定要修改吗？","3":"请输入正确信息，为了您的财产安全，绑定后不能随意修改，如需修改请联系客服，每次兑换收取兑换金额{0}%的手续费。","4":"1.兑换五分钟到账，若未到账请及时与客服联系。\n2.兑换下限为{0}，兑换上限为{1}，兑换金额必须为50的整倍数，手续费为兑换金额的{2}%。","5":"1.兑换五分钟到账，若未到账请及时与客服联系。\n2.兑换下限为{0}，兑换上限为{1}，兑换金额必须为50的整倍数，手续费为兑换金额的{2}%。"},"sound":{}}