{
    "groups": [
        {
            "keys": "recharge_chg,recharge_Lang,recharge_Conf",
            "name": "recharge"
        }
    ],
    "resources": [
        {
            "name": "recharge_chg",
            "type": "st",
            "url": "sheets/recharge_chg.st"
        },
        {
            "name": "recharge_txt_59",
            "type": "image",
            "url": "imgs/recharge_txt_59.png"
        },
        {
            "name": "recharge_txt_60",
            "type": "image",
            "url": "imgs/recharge_txt_60.png"
        },
        {
            "name": "recharge_txt_61",
            "type": "image",
            "url": "imgs/recharge_txt_61.png"
        },
        {
            "name": "recharge_txt_62",
            "type": "image",
            "url": "imgs/recharge_txt_62.png"
        },
        {
            "name": "recharge_txt_63",
            "type": "image",
            "url": "imgs/recharge_txt_63.png"
        },
        {
            "name": "recharge_Conf",
            "type": "json",
            "url": "conf/recharge_Conf.json"
        },
        {
            "name": "recharge_Lang",
            "type": "json",
            "url": "conf/recharge_Lang.json"
        },
        {
            "name": "recharge_firstRecharge",
            "type": "st",
            "url": "sheets/recharge_firstRecharge.st"
        },
        {
            "name": "recharge_safeBox",
            "type": "st",
            "url": "sheets/recharge_safeBox.st"
        },
        {
            "name": "recharge_txt_pic_tishikuang_db",
            "type": "image",
            "url": "imgs/recharge_txt_pic_tishikuang_db.png"
        },
        {
            "name": "recharge_box",
            "type": "st",
            "url": "sheets/recharge_box.st"
        },
        {
            "name": "vipjindutiao_shuz-fs8",
            "type": "fnt",
            "url": "fonts/vipjindutiao_shuz.fnt"
        },
        {
            "name": "vipjindutiao_shuz",
            "type": "fnt",
            "url": "fonts/vipjindutiao_shuz.fnt"
        },
        {
            "name": "zhuomianchouma",
            "type": "fnt",
            "url": "fonts/zhuomianchouma.fnt"
        },
        {
            "name": "recharge_txt_65",
            "type": "image",
            "url": "imgs/recharge_txt_65.png"
        },
        {
            "name": "recharge_reCommon",
            "type": "st",
            "url": "sheets/recharge_reCommon.st"
        }
    ]
}